﻿<?xml version="1.0" encoding="utf-8" ?>

<!-- To use YLAD, do the following: 
     * Adjust this configuration file to your personal needs: change entries and labels, add more items etc.
     * Anywhere in your application, for example in an application bar button click event handler, put the
       required code that initiates navigation to the about screen:

       NavigationService.Navigate(new Uri("/YourLastAboutDialog;component/AboutPage.xaml", UriKind.Relative));

    For more information on the powerful additional options and features of YLAD, like localization, support
    of trial mode, remote and local rich XAML and text content etc., please refer to the documentation that 
    is available at:

    http://ylad.codeplex.com/documentation
-->

<About>
  <!-- The App element allows you to override the values that are extracted from the WMAppManifest.xml file automatically -->
  <!-- The AdditionalNotes attribute has no equivalent in the WMAppManifest.xml; you can only define its content here -->
  <!-- Explicitly set any of the attributes to an empty string to remove it (including its label) from the dialog -->
  <App Author="Sean Dunford and\nDanial Goodwin"
       Publisher="Simply Advanced"
       Description="Create your own memes and share them.\nThis app is updated periodically."
       Version="1.0"
       AdditionalNotes="Please enjoy. If you don't think this app deserves 5 stars, then please email us your suggestions for improving it, or even memes that you think should be included. Thank you." />
  <Items>
    <!-- Create a MainItem entry to configure the front page -->
    <!-- The Titel attribute defines the title of the pivot item -->
    <!-- The Label (and review buttong content) attributes can override the default values to what you like, and also help with localization -->
    <!-- By default, the "Buy this app!" button is only shown when the app runs in trial mode (more on trial mode and how to configure YLAD accordingly here:
          http://ylad.codeplex.com/documentation). Explicitly set any of the button contents to an empty string to override the default behavior, and remove the button from the page. -->
    <MainItem Title="about"
              AppAuthorLabel="by"
              AppDescriptionLabel="Description:"
              AppPublisherLabel="Publisher:"
              AppVersionLabel="Version:"
              AppAdditionalNotesLabel="Additional Notes:"
              AppReviewButtonContent="Review this app!"
              AppBuyButtonContent="Buy this app!">
      <Links>
        <!-- A collection of links presented on the front page. -->
        <!-- By using different protocols like http or mailto you can invoke the respective applications -->
        <!-- The Label attribute defines an additional label placed in front of the hyperlink -->
        <!-- Use this to provide contact/support details for your app -->
        <Link NavigateUri="http://blog.simplyadvanced.com"
              Content="http://blog.simplyadvanced.com"
              Label="Web:" />
        <Link NavigateUri="mailto:danialgoodwin@gmail.com.com"
              Content="danialgoodwin@gmail.com"
              Label="Support:" />
      </Links>
    </MainItem>
    <!-- For each additional pivot item, add a separate Item entry. Ideas for items are: license, tutorial or help, version history, show room for other apps from you etc. -->
    <!-- The Title attribute defines the title of the pivot item -->
    <!-- Each Item can be a remote item (fetched from a Uri) or a local item (using its content), or both (local content is the fallback value if fetching the network content fails) -->
    <!-- Supported types are "text" and "xaml", where text is nicely formatted automatically, and XAML is handled by the built-in XamlReader -->
    <Item Title="history"
          Type="text">
      1.0.0.0
      This is the initial public version.
      
      Future
       - Ability to take a picture with camera and use that for the meme.
       - Ability to use pictures already saved on your phone.
       - More Memes!
    </Item>
  </Items>
</About>